<core:FragmentDefinition xmlns:core="sap.ui.core" xmlns="sap.m"
xmlns:ram="oft.fiori.controls"
xmlns:form="sap.ui.layout.form">
	<sap.ui.layout.form:SimpleForm editable="true" layout="ResponsiveGridLayout" xmlns:sap.ui.layout.form="sap.ui.layout.form" id="__form0">
		<form:content>
			<ram:CustomControl mario="Set by Mario" zumba="2px solid red"> </ram:CustomControl>
			<ram:CustomControl mario="Spiderman" color="red"> </ram:CustomControl>
			<ram:AmazingButton rambutton="onButtonRam" text="Just hover it"></ram:AmazingButton>
			<!--<Button text="Just over it" press="onNoEvent"/>-->
			<core:Title text="More Data" id="__title0"/>
			<Label text="Health Benefit" id="__label0"/>
			<Text text="{benefit}" id="__text43"/>
			<Label text="Nature" id="__label3"/>
			<Text text="{type}" id="__text45"/>
			<Label text="Color" id="__label1"/>
			<Text text="{color}" id="__text44"/>
			
			</form:content>
	</sap.ui.layout.form:SimpleForm>
</core:FragmentDefinition>